artist_name,genre
JJ Lin,"mandopop, singaporean mandopop, singaporean pop"
F.I.R.,mandopop
Joanna Wang,"chinese audiophile, chinese jazz, mandopop, taiwan singer-songwriter"
Shawn Mendes,"canadian pop, pop, viral pop"
Yoga Lin,"chinese r&b, mandopop"
Charlie Puth,"pop, viral pop"
Westlife,boy band
Niall Horan,pop
許嵩,"mainland chinese pop, zhongguo feng"
Joker Xue,mandopop
Andrew Tan,"malaysian mandopop, mandopop"
Imagine Dragons,"modern rock, pop, rock"
Hebe Tien,mandopop
S.H.E,"c-pop girl group, mandopop, taiwan idol pop, taiwan pop"
Fall Out Boy,"emo, modern rock, pop, rock"
Aska Yang,mandopop
高爾宣 OSN,"mandopop, taiwan pop"
sodagreen,mandopop
Leehom Wang,"mandopop, taiwan pop"
Olivia Ong,"singaporean mandopop, singaporean pop"
Taylor Swift,pop
Eason Chan,"c-pop, cantopop, mandopop"
Jay Chou,"c-pop, mandopop, taiwan pop, zhongguo feng"
MAGIC!,"pop, reggae fusion"
Foster The People,"indietronica, modern alternative rock, modern rock, rock"
Calvin Harris,"dance pop, edm, electro house, house, pop, progressive house, uk dance"
One Direction,"boy band, pop, post-teen pop, talent show"
Camila Cabello,"dance pop, pop"
Little Mix,"girl group, pop, talent show, uk pop"
Mark Ronson,pop soul
Mr. Probz,pop dance
French Montana,"hip hop, pop rap, rap, southern hip hop, trap"
Khalid,"pop, pop r&b"
Daft Punk,"electro, filter house, rock"
Kesha,"dance pop, pop"
Harry Styles,pop
George Ezra,"folk-pop, neo-singer-songwriter"
Dillon Francis,"brostep, edm, electro house, moombahton, pop dance, progressive electro house, slap house"
Fifth Harmony,"girl group, pop, talent show"
R. City,"reggae fusion, virgin islands reggae"
Lil Nas X,lgbtq+ hip hop
Zara Larsson,"pop, scandipop, swedish electropop, swedish pop"
Train,"dance pop, neo mellow, pop, pop rock"
WALK THE MOON,"dance rock, modern alternative rock, modern rock, neo mellow, pop rock"
Paloma Faith,"british soul, talent show, uk pop"
Childish Gambino,"atl hip hop, hip hop, rap"
P!nk,"dance pop, pop"
John Legend,"neo soul, pop, pop soul, urban contemporary"
The Chainsmokers,pop
Pharrell Williams,"dance pop, pop"
Beyoncé,"pop, r&b"
Adele,"british soul, pop, pop soul, uk pop"
Sia,pop
Chris Brown,"r&b, rap"
Justin Timberlake,"dance pop, pop"
Rachel Platten,"post-teen pop, talent show, viral pop"
Miley Cyrus,pop
ZAYN,"pop, uk pop"
Justin Bieber,"canadian pop, pop"
Ed Sheeran,"pop, singer-songwriter pop, uk pop"
Olly Murs,"dance pop, pop, talent show, uk pop"
Alan Walker,electro house
Ronghao Li,"chinese singer-songwriter, mainland chinese pop, mandopop"
Steve Chou,"classic mandopop, mandopop"
Astro Bunny,"chinese electropop, mandopop, taiwan indie, taiwan pop"
Maroon 5,pop
Eric Chou,mandopop
The Vamps,"boy band, pop"
Wiz Khalifa,"hip hop, pittsburgh rap, pop rap, rap, southern hip hop, trap"
倪安東,No genres found
Angela Chang,mandopop
Rod Wave,florida rap
Rihanna,"barbadian pop, pop, urban contemporary"
MKTO,"pop, post-teen pop"
Elle King,modern blues rock
Katy Perry,pop
G.R.L.,"girl group, post-teen pop, talent show"
Lewis Capaldi,"pop, uk pop"
Ella Henderson,"dance pop, pop dance, talent show, uk pop"
Hozier,"irish singer-songwriter, modern rock, pop, pov: indie"
OMI,reggae fusion
The Script,"celtic rock, pop"
Rag'n'Bone Man,neo soul
DJ Khaled,"hip hop, miami hip hop, pop rap, rap"
Tom Odell,chill pop
Britney Spears,"dance pop, pop"
Bii,mandopop
韓紅,c-pop
Jam Hsiao,mandopop
Mayday,"mandopop, taiwan pop"
羅大佑,"classic mandopop, taiwan campus folk, taiwan singer-songwriter"
Jessica Mauboy,"australian indigenous music, australian pop, australian talent show"
Tiger Hu,"mainland chinese pop, mandopop"
Ella Chen,mandopop
A-Mei Chang,mandopop
Sam Smith,"pop, uk pop"
5 Seconds of Summer,"boy band, pop"
Faye Wong,c-pop
吳青峰,"mandopop, taiwan singer-songwriter"
Jason Mraz,"acoustic pop, dance pop, neo mellow, pop"
Trevor Daniel,melodic rap
Jason Derulo,"dance pop, pop"
FKP,No genres found
Sam Hunt,"contemporary country, country, country pop, modern country rock"
Sean Kingston,"dance pop, miami hip hop, pop"
Austin Mahone,"pop, post-teen pop"
Jay Sean,"dance pop, pop, pop rap, post-teen pop"
James TW,"british singer-songwriter, uk pop"
Yisa Yu,"mainland chinese pop, mandopop"
Hu Xia,"mainland chinese pop, mandopop"
Stefanie Sun,"mandopop, singaporean mandopop, singaporean pop, singaporean singer-songwriter"
Iyaz,"dance pop, pop rap, post-teen pop"
Jesse McCartney,"dance pop, pop, post-teen pop"
PRETTYMUCH,"boy band, post-teen pop, teen pop"
Namewee,"malaysian mandopop, mandopop"
WeiBird,"chinese r&b, mandopop, taiwan singer-songwriter"
G.E.M.,mandopop
Jeff Chang,"classic mandopop, mandopop"
Ozuna,"puerto rican pop, reggaeton, trap latino, urbano latino"
Lunay,"reggaeton, reggaeton flow, trap latino, urbano latino"
Mike Perry,"pop dance, swedish tropical house"
J.Williams,pacific islands pop
Disciples,"house, pop dance, uk dance"
Nelly,"dance pop, gangster rap, hip hop, pop rap, rap, st louis rap, urban contemporary"
Taio Cruz,"dance pop, pop, pop rap"
Nicki Minaj,"hip pop, pop, queens hip hop, rap"
USHER,"atl hip hop, contemporary r&b, dance pop, pop, r&b, rap, south carolina hip hop, urban contemporary"
Ne-Yo,"dance pop, pop, r&b, urban contemporary"
Hannah Montana,"pop, post-teen pop"
Sammy Adams,indie pop rap
Cher Lloyd,"dance pop, pop, post-teen pop, talent show"
Far East Movement,"asian american hip hop, dance pop, pop rap"
Gym Class Heroes,"dance pop, pop rap"
T-Pain,"dance pop, gangster rap, hip hop, pop rap, r&b, rap, southern hip hop, trap, urban contemporary"
B.o.B,"atl hip hop, dance pop, pop rap, rap, southern hip hop"
Jordin Sparks,"dance pop, pop, post-teen pop, urban contemporary"
AGA,cantopop
Mao Buyi,"chinese minyao, chinese singer-songwriter, mainland chinese pop"
David Tao,"chinese r&b, mandopop, taiwan pop, taiwan singer-songwriter"
Hins Cheung,cantopop
Topic,"german dance, pop dance, pop edm, uk dance"
Kenji Wu,"mandopop, taiwan singer-songwriter"
Sam Lee,mandopop
Fish Leong,"malaysian mandopop, mandopop"
Offset,"atl hip hop, hip hop, pop rap, rap, trap"
YG,"cali rap, hip hop, pop rap, rap, southern hip hop, trap"
Migos,"atl hip hop, hip hop, pop rap, rap, southern hip hop, trap"
Tory Lanez,"canadian hip hop, canadian trap, melodic rap, pop rap, r&b, rap, trap"
Aitch,"manchester hip hop, uk hip hop"
Tyllionaire,No genres found
Veronica Vega,"rap latina, trap queen"
Lil Baby,"atl hip hop, atl trap, rap, trap"
Luniz,"g funk, oakland hip hop, west coast rap"
Tyga,"hip hop, pop rap, rap, southern hip hop, trap"
Mustard,"cali rap, pop rap, rap, southern hip hop, trap"
Starr Lyfe,No genres found
Christine Fan,mandopop
A-Lin,mandopop
Nicholas Teo,"malaysian mandopop, mandopop"
BY2,"mandopop, singaporean mandopop, singaporean pop"
Rene Liu,"mandopop, taiwan singer-songwriter"
Tanya Chua,"mandopop, singaporean mandopop, singaporean pop, singaporean singer-songwriter, taiwan singer-songwriter"
Rachel Liang,mandopop
Jolin Tsai,mandopop
LaLa Hsu,"mandopop, taiwan singer-songwriter"
Karen Mok,mandopop
Young Thug,"atl hip hop, atl trap, gangster rap, hip hop, melodic rap, rap, trap"
Eric IV,afroswing
Day Sulan,No genres found
Doja Cat,"dance pop, pop"
DaBaby,"hip hop, north carolina hip hop, pop rap, rap, trap"
Soulja Boy,"atl hip hop, chicago bop, dance pop, pop rap, rap, southern hip hop, trap"
Akon,dance pop
Ren Ran,"mainland chinese pop, mandopop"
Harlem Yu,"classic mandopop, mandopop"
Michael Wong,"malaysian mandopop, mandopop"
Rainie Yang,mandopop
Gary Chaw,"malaysian mandopop, mandopop"
Jordan Chan,mandopop
Redfoo,No genres found
Rixton,"post-teen pop, talent show, teen pop, viral pop"
Bruno Mars,"dance pop, pop"
Shontelle,"barbadian pop, dance pop, post-teen pop, talent show"
Destiny's Child,"dance pop, girl group, pop, r&b, urban contemporary"
Hunter Hayes,"contemporary country, country, country road, modern country rock"
Pets Tseng,mandopop
Janice Yan,mandopop
Lin Hsin Yi,mandopop
Cyndi Wang,mandopop
林凡,mandopop
Silence Wang,"chinese singer-songwriter, mainland chinese pop"
Della,mandopop
Eve Ai,"mandopop, taiwan singer-songwriter"
Show Luo,mandopop
Claire Kuo,mandopop
831,"mandopop, taiwan idol pop"
Victor Wong,"malaysian mandopop, mandopop"
Yen-J,mandopop
Evan Yo,"mandopop, taiwan singer-songwriter"
胡66,"chinese viral pop, mainland chinese pop"
TANK 呂建忠,"mandopop, taiwan pop"
Shi Shi,"mandopop, taiwan pop"
Valen Hsu,"classic mandopop, mandopop"
Nicky Lee,mandopop
Jason Zhang,mainland chinese pop
Nine Chen,"mandopop, taiwan singer-songwriter"
Yoyo Sham,"cantopop, hong kong indie"
Vicky Chen,"mandopop, taiwan singer-songwriter"
Crowd Lu,"mandopop, taiwan indie, taiwan singer-songwriter"
Kelly Yu,"mainland chinese pop, mandopop"
Xiao Yu,"mainland chinese pop, mandopop, taiwan singer-songwriter"
Sandy Lam,"c-pop, classic mandopop, mandopop"
Will Pan,mandopop
Jason Chan,cantopop
James Arthur,"pop, talent show, uk pop"
Jacky Cheung,"c-pop, classic mandopop"
Khalil Fong,"chinese r&b, mandopop"
Janice Vidal,cantopop
Penny Tai,"malaysian mandopop, mandopop, taiwan singer-songwriter"
Wanting,mandopop
Ann Bai,mandopop
Fiona Sit,cantopop
Diana Wang,mandopop
Kimberley Chen,mandopop
Nan Quan Mama,mandopop
Candy Lo,cantopop
Shiga Lin,cantopop
Hua Chen Yu,chinese hip hop
Tim McGraw,"contemporary country, country, country road"
OneRepublic,"piano rock, pop"
Ricky Hsiao,"mandopop, taiwan singer-songwriter"
許光漢,No genres found
黃齡,mainland chinese pop
Alien Huang,"mandopop, taiwan pop"
J.Sheon,"mandopop, taiwan singer-songwriter"
Jia Jia,mandopop
Zhang Zhen Yue,"classic mandopop, mandopop, taiwan pop, taiwan singer-songwriter"
Leo Ku,cantopop
Waa Wei,"chinese indie, mandopop, taiwan indie, taiwan pop, taiwan singer-songwriter"
Beyond,"c-pop, cantopop, classic cantopop, hong kong rock"
Tangerine Wong,"malaysian mandopop, mandopop"
Zhou Shen,"chinese talent show, mainland chinese pop"
Ariel Tsai,mandopop
Ada Zhuang,"chinese singer-songwriter, mainland chinese pop, mandopop"
阿涵,"chinese viral pop, mainland chinese pop, mandopop"
Miriam Yeung,cantopop
王錚亮,mainland chinese pop
TIA RAY,"chinese jazz, mainland chinese pop"
劉瑞琦,mainland chinese pop
南征北戰,mainland chinese pop
Li Yugang,"mainland chinese pop, mandopop"
Boon Hui Lu,"mandopop, singaporean mandopop, singaporean pop, singaporean singer-songwriter"
金莎,"mainland chinese pop, mandopop"
陳粒,"chinese minyao, chinese singer-songwriter"
Chilam,"cantopop, classic cantopop"
Xu Wei,"c-pop, chinese singer-songwriter, northwest china indie"
A-do,"classic mandopop, mandopop, singaporean mandopop, singaporean pop"
王天戈fenella,chinese viral pop
Wang Feng,"chinese singer-songwriter, mainland chinese pop"
易烊千璽,"chinese idol pop, mainland chinese pop"
Kay Tse,cantopop
Kary Ng,cantopop
Jinny Ng,cantopop
Kelly Chen,"c-pop, cantopop, classic cantopop"
Grasshopper,"c-pop, cantopop, classic cantopop, classic mandopop"
Pakho Chau,cantopop
Twins,cantopop
Vincy Chan,cantopop
Wilfred Lau,cantopop
Zhang Bichen,mainland chinese pop
徐良,mainland chinese pop
音阙诗听,"chinese viral pop, mainland chinese pop, zhongguo feng"
TFBOYS,"chinese idol pop, mainland chinese pop, mandopop"
DNCE,"dance pop, pop"
Alessia Cara,"canadian contemporary r&b, canadian pop, pop"
Hailee Steinfeld,pop
Jonathan Lee,"classic mandopop, mandopop, taiwan singer-songwriter"
Queena Cui,mainland chinese pop
李宗盛,"classic mandopop, mandopop, taiwan singer-songwriter"
Jackson Wang,k-pop
Mariah Carey,"dance pop, pop, urban contemporary"
林志炫,"classic mandopop, mandopop"
MC HotDog,"mandopop, taiwan hip hop"
ZICO,"k-pop, korean r&b"
DAY6,"k-pop, k-pop boy group"
GOT7,"k-pop, k-pop boy group"
Eric Nam,k-pop
PENTAGON,"k-pop, k-pop boy group"
MONSTA X,"k-pop, k-pop boy group"
JJ Project,k-pop
WINNER,"k-pop, k-pop boy group"
Stray Kids,"k-pop, k-pop boy group, pop"
SuperM,k-pop
NCT 127,"k-pop, k-pop boy group"
ONEUS,"k-pop, k-pop boy group"
ATEEZ,"k-pop, k-pop boy group"
The Rose,"k-pop, k-pop boy group"
Jay Park,"k-pop, k-rap, korean r&b"
Moon Chew,singaporean mandopop
Jung Yong Hwa,korean pop
Dan McKinna,No genres found
賴雅妍,No genres found
The Weeknd,"canadian contemporary r&b, canadian pop, pop"
Moux,focus
Tosh Møller,background piano
Eric Badanti,background piano
Jef Martens,No genres found
SYML,modern indie pop
Sigrid Vass,background piano
Rosie Carney,"indie folk, irish singer-songwriter"
Mewael Yemane,background piano
Jacob David,neo-classical
Rich Music LTD,urbano latino
Rae Sremmurd,"melodic rap, mississippi hip hop, pop rap, rap, trap"
Mélanie Laurent,french pop
Eric Cadogan,background piano
Ana Olgica,focus
Jordane Tumarinson,neo-classical
Valbona Ceferin,background piano
Quinn MacKenzie,background piano
Max Richter,"compositional ambient, post-minimalism"
Hayden James,"aussietronica, gauze pop, house"
Lyfes,No genres found
MEDUZA,"edm, pop dance, pop house, uk dance"
Normani,"pop, r&b"
ROSALÍA,"pop, r&b en espanol"
Coldplay,"permanent wave, pop"
Parsa Sirjani,No genres found
CADMIUM,No genres found
Adon,"chill house, tropical house"
Jonas Brothers,"boy band, pop"
Kygo,"edm, pop, pop dance, tropical house"
Tiësto,"big room, brostep, dutch edm, edm, house, pop dance, progressive electro house, slap house, trance"
Martin Garrix,"dutch edm, edm, pop, pop dance, progressive house"
Fly By Midnight,singer-songwriter pop
Mark Mendy,No genres found
Major Lazer,"dance pop, edm, electro house, moombahton, pop, pop dance"
Ariana Grande,pop
SHAED,electropop
Lizzo,"escape room, minnesota hip hop, pop, trap queen"
2 Man Embassy,No genres found
Mabel,"pop, uk pop"
Anuel AA,"reggaeton, reggaeton flow, trap boricua, trap latino, urbano latino"
G-Eazy,"indie pop rap, oakland hip hop, pop rap, rap"
Peder B. Helland,No genres found
Colbie Caillat,"dance pop, neo mellow, pop"
孙露,chinese audiophile
童安格,classic mandopop
Wakin Chau,"c-pop, classic mandopop, mandopop"
Danny Chan,"c-pop, cantopop, classic cantopop"
Priscilla Chan,"c-pop, cantopop, classic cantopop"
Alan Tam,"c-pop, classic cantopop"
Anita Mui,"c-pop, cantopop, classic cantopop"
廖小璇,"classic cantopop, vintage cantonese pop"
Andy Lau,"c-pop, cantopop, classic mandopop"
陳良泉,vintage chinese pop
Teresa Teng,"c-pop, classic mandopop, kayokyoku"
羅鈾霞,Not Found
黃蜀娟,vintage taiwan pop
Dou Wei,"chinese experimental, chinese indie rock, chinese post-rock"
邰正宵,"classic mandopop, mandopop"
谭艳,chinese audiophile
趙詠華,"classic mandopop, mandopop"
Landy Wen,mandopop
張德蘭,"cantonese opera, classic cantopop"
蔡國權,"c-pop, classic cantopop"
Leslie Cheung,"c-pop, cantopop"
Hacken Lee,"c-pop, cantopop, classic cantopop"
Roman Tam,"c-pop, cantopop, classic cantopop"
呂珊,classic cantopop
相思,"classic mandopop, hokkien pop"
郭雯雯 (风采姐妹),No genres found
Zhan Ai Ling 湛爱铃,No genres found
Regard,"pop dance, pop edm, slap house, uk dance"
Avicii,"dance pop, edm, pop, pop dance"
GASHI,deep underground hip hop
Dan + Shay,"contemporary country, country, country road"
Kanye West,"chicago rap, hip hop, rap"
Travis Scott,"rap, slap house"
KAROL G,"reggaeton, reggaeton colombiano, urbano latino"
Black Eyed Peas,"dance pop, pop, pop rap"
Post Malone,"dfw rap, melodic rap, pop, rap"
Christina Perri,pop
Kelly Clarkson,"dance pop, pop, talent show"
楊洋,mainland chinese pop
Where Chou,"classic mandopop, mandopop"
王源,"chinese idol pop, chinese singer-songwriter, mainland chinese pop"
Joi Chua,"mandopop, singaporean mandopop, singaporean singer-songwriter"
Sam Hui,"c-pop, classic cantopop, vintage cantonese pop"
黃衍濛,No genres found
Mavis Hee,"classic cantopop, classic mandopop, mandopop, singaporean mandopop, singaporean pop"
Chen Li Juan,malaysian mandopop
Wanfang,"classic mandopop, mandopop"
鳳飛飛,classic mandopop
江念庭,No genres found
Sarah Chen,classic mandopop
Justin Lo,cantopop
蔡振南,"classic mandopop, hokkien pop"
Tsai Chin,"c-pop, chinese audiophile, classic mandopop, taiwan campus folk"
黃小琥,"classic mandopop, mandopop"
Zhang Qing Fang,"classic mandopop, mandopop"
林淑容,classic mandopop
Sammi Cheng,"c-pop, cantopop"
Tracy Huang,classic mandopop
Fei Yu-ching,"c-pop, classic mandopop"
CoCo Lee,"mandopop, taiwan pop"
Alex To,"classic mandopop, mandopop"
Yida Huang,"mandopop, singaporean mandopop"
Loud Luxury,"edm, pop dance"
Zedd,"complextro, edm, german techno, pop, pop dance"
Billie Eilish,"art pop, pop"
Selena Gomez,"pop, post-teen pop"
Y2K,"pop rap, viral rap"
The Game,"detroit hip hop, gangster rap, hip hop, pop rap, rap, southern hip hop, trap"
Dua Lipa,"dance pop, pop, uk pop"
Camo Columbo,No genres found
Johnning,"gaming edm, pop edm"
Halsey,"electropop, etherpop, indie poptimism, pop"
Rival,No genres found
Tanjent,No genres found
Lauv,pop
Ant Saunders,chill r&b
DVBBS,"canadian electronic, dutch house, edm, electro house, pop dance, progressive electro house, slap house"
blackbear,"alt z, pop"
Flux Pavilion,"brostep, classic dubstep, complextro, edm, electro house"
Snoop Dogg,"g funk, gangster rap, hip hop, pop rap, rap, west coast rap"
Sam Feldt,"edm, pop dance, tropical house"
Megan Thee Stallion,"houston rap, pop, rap, trap queen"
Cheat Codes,"edm, pop, pop dance"
Clean Bandit,"pop, uk dance, uk funky"
J Balvin,"reggaeton, reggaeton colombiano, trap latino, urbano latino"
DJ Snake,"dance pop, edm, electronic trap, pop, pop dance"
SIX60,"nz pop, nz reggae"
Peking Duk,"aussietronica, australian electropop, australian indie, edm"
"Tyler, The Creator","hip hop, rap"
Nicole Millar,"australian pop, gauze pop"
M.I.A.,"escape room, indietronica, new rave"
DJ Katch,basshall
Wale,"pop rap, r&b, rap, southern hip hop, trap"
HAIM,"indietronica, metropopolis"
BROODS,"auckland indie, etherpop, indietronica, metropopolis, nz pop"
Lucy Rose,"ambient folk, british singer-songwriter"
Vicetone,"edm, electro house, pop dance, progressive electro house"
Morgan Sulele,"norwegian pop, russelater"
Syn Cole,"deep tropical house, edm, pop dance, pop edm, progressive electro house, tropical house"
Rascal Flatts,"contemporary country, country, country road"
Shania Twain,"canadian country, canadian pop, contemporary country, country, country dawn"
N.E.R.D,"hip hop, virginia hip hop"
Arizona Zervas,"indie pop rap, pop rap, rhode island rap"
Roddy Ricch,"melodic rap, rap, trap"
Mac Miller,"hip hop, pittsburgh rap, rap"
Labrinth,"indie poptimism, pop"
Shakira,"colombian pop, dance pop, latin pop, pop"
Tones And I,australian pop
Rita Ora,"dance pop, pop, uk pop"
Gotye,australian pop
BROCKHAMPTON,"boy band, rap"
CÄHN,sami
PARTYNEXTDOOR,"r&b, rap, urban contemporary"
Keenan,No genres found
Bazzi,pop
Ava Max,pop
Marshmello,"brostep, edm, pop, progressive electro house"
Lady Gaga,"art pop, dance pop, pop"
LEFT.,No genres found
Youngn Lipz,aussie drill
Fabolous,"gangster rap, hip hop, pop rap, rap, trap, urban contemporary"
B Young,"afroswing, london rap, uk hip hop"
Future,"atl hip hop, hip hop, rap, southern hip hop, trap"
Flipp Dinero,"melodic rap, trap"
H.E.R.,"r&b, rap"
Russ,"hawaiian hip hop, pop rap"
Eminem,"detroit hip hop, hip hop, rap"
Meek Mill,"hip hop, philly rap, pop rap, rap, southern hip hop, trap"
Ray J,"pop rap, urban contemporary"
Drake,"canadian hip hop, canadian pop, hip hop, pop rap, rap"
DaniLeigh,"r&b, rap latina"
Conan Gray,"bedroom pop, pop, pov: indie"
Noah Cyrus,"alt z, pop"
Jorja Smith,"r&b, uk contemporary r&b"
Alex Skrindo,gaming edm
Rebecca Leonard,background piano
Patrizio Pisani,background piano
SAINt JHN,"melodic rap, slap house"
Brantley Gilbert,"contemporary country, country, country road, modern country rock"
DripReport,viral rap
D-Slugga,No genres found
Chance the Rapper,"chicago rap, conscious hip hop, hip hop, pop rap, rap, trap"
Kranium,"basshall, dancehall"
Cardi B,"pop, rap"
Carmouflage Rose,"australian hip hop, brisbane hip hop"
ZHU,"edm, electro house"
Touch Sensitive,"aussietronica, nu disco"
Treyy G,"melbourne bounce, melbourne bounce international"
Troye Sivan,"australian pop, pop, viral pop"
Fergie,"dance pop, pop"
Duke Dumont,"edm, house, pop dance, progressive house, uk dance"
Black Caviar,pop dance
Kendrick Lamar,"conscious hip hop, hip hop, rap, west coast rap"
Valentino Khan,"brostep, edm, electro house, electronic trap, moombahton"
Era Istrefi,"albanian hip hop, albanian pop, kosovan pop"
Karen Harding,"house, pop dance, uk dance"
Steve Aoki,"edm, electro house, pop dance"
Missy Elliott,"dance pop, hip hop, hip pop, neo soul, pop rap, r&b, rap, urban contemporary, virginia hip hop"
Trill Ryan,viral rap
Massari,"canadian pop, lebanese pop"
Ty Dolla $ign,"hip hop, pop rap, r&b, southern hip hop, trap, trap soul"
Steve Void,"pop edm, slap house"
Riton,"house, pop dance, uk dance"
A.CHAL,"canadian hip hop, trap soul"
The Carters,No genres found
Mr Eazi,"afrobeats, afropop, ghanaian hip hop, nigerian pop, swedish dancehall"
Roy Woods,"canadian contemporary r&b, canadian hip hop"
CLiQ,No genres found
RAYE,"uk contemporary r&b, uk pop"
Tove Lo,"dance pop, metropopolis, pop, swedish electropop, swedish pop, swedish synthpop"
Snakehips,"electropop, uk dance, vapor soul"
Jonas Blue,"pop, pop dance, tropical house, uk dance"
Skrillex,"brostep, complextro, edm, electro, pop dance"
CamelPhat,"deep tech house, house, progressive house, uk dance"
Lil Uzi Vert,"hip hop, melodic rap, philly rap, rage rap, rap, trap"
Bag Raiders,"alternative dance, australian dance, indietronica, nu disco"
MK,chinese melodic rap
Pitbull,"dance pop, miami hip hop, pop"
A Great Big World,"neo mellow, piano rock, pop rock, viral pop"
Carly Rae Jepsen,"canadian pop, dance pop, pop"
SAYGRACE,r&b
Matt Cardle,talent show
DJ Discretion,No genres found
MC Kevinho,"funk carioca, funk ostentacao, funk pop, sertanejo universitario"
Common Kings,reggae rock
Alicia Keys,"neo soul, pop, r&b"
LunchMoney Lewis,miami hip hop
Lorde,"art pop, metropopolis, nz pop, pop"
Ismuki,"melanesian pop, solomon islands pop"
San Holo,"brostep, edm, electro house, electronic trap, future bass, pop dance"
Jax Jones,"dance pop, edm, house, pop dance, uk dance"
Dimitri Vegas & Like Mike,"belgian dance, belgian edm, big room, dutch house, edm, electro house, pop dance, progressive electro house"
Thomas Gold,"big room, dutch house, edm, electro house, german techno, pop dance, progressive electro house, progressive house"
SZA,"pop, r&b, rap"
JP Saxe,"alt z, canadian contemporary r&b, singer-songwriter pop"
SLANG,japanese hardcore
Jack Harlow,"deep underground hip hop, hip hop, kentucky hip hop, pop rap, rap"
Adeena,No genres found
Ellie Goulding,"indietronica, metropopolis, pop, uk pop"
PUBLIC,indie rockism
Nicky Jam,"latin hip hop, reggaeton, trap latino, urbano latino"
Nea,No genres found
Madison Beer,pop
Nick De La Hoyde,No genres found
Surfaces,bedroom soul
Sean Paul,"dance pop, dancehall, pop, pop rap"
Ali Gatie,canadian hip hop
Tate McRae,pop
Felly,indie pop rap
Bad Bunny,"reggaeton, trap latino, urbano latino"
Powfu,"sad lo-fi, sad rap"
Ashe,alt z
Baby Keem,"hip hop, rap"
Lil Keed,"melodic rap, trap"
Day1,"aussie drill, brisbane hip hop"
J.I the Prince of N.Y,nyc rap
Orezi,"afrobeats, afropop, nigerian pop"
$tupid Young,"asian american hip hop, cali rap"
深藍,"chinese indie, chinese singer-songwriter"
Julie Sue,"classic mandopop, hokkien pop"
康然,"anime, denpa-kei"
楊培安,"mandopop, taiwan pop"
Jacob LaVallee,background piano
Pied-à-Terre,background piano
Berlioz,"background music, focus"
Céline Aubin,No genres found
Vala Capon,No genres found
Oskar Schuster,compositional ambient
Julien Thorsen,background piano
Luke Faulkner,No genres found
Haru Kitamura,background piano
Jan Thiel,background piano
Isobel Waller-Bridge,soundtrack
Mi Soon,background piano
Thomasine Robinson,"background piano, focus"
Sufi Sheman,background piano
Kendra Logozar,"instrumental worship, neo-classical"
Germain Lesage,background piano
Kyran Martin,background piano
Olivia Belli,neo-classical
Francine Leblanc,No genres found
Giggs,"grime, london rap, uk hip hop"
Kevin Gates,"baton rouge rap, pop rap, rap, southern hip hop, trap"
Joyner Lucas,"boston hip hop, hip hop, pop rap, rap"
Tee Grizzley,"detroit hip hop, detroit trap, rap, southern hip hop, trap"
Lil Tjay,"brooklyn drill, melodic rap, nyc rap, rap"
Lil Tecca,"melodic rap, pluggnb, rap"
JACKBOYS,pop rap
Jeremih,"chicago rap, pop rap, r&b, southern hip hop, trap, urban contemporary"
Juice WRLD,"chicago rap, melodic rap, rap"
ZaeHD & CEO,"arkansas hip hop, viral rap"
Stan Walker,"australian talent show, nz christian, nz pop"
Blueface,"cali rap, rap, trap"
Trippie Redd,"melodic rap, rap, trap"
William Singe,"pop r&b, teen pop"
Aminé,"pop rap, portland hip hop, rap, underground hip hop"
Polo G,"chicago rap, rap"
Kehlani,"pop, r&b, rap"
Metro Boomin,rap
YoungBoy Never Broke Again,"baton rouge rap, rap"
Jovem Dex,"trap baiano, trap brasileiro"
Paty Cantú,"cantautora mexicana, latin arena pop, latin pop, mexican pop"
Río Roma,"latin arena pop, latin pop, latin viral pop, mexican pop"
Gloria Estefan,"new wave pop, soft rock"
Ximena Sariñana,"cantautora mexicana, latin alternative, latin pop, mexican pop, mexican rock"
Barney,"cartoon, children's music"
Mau y Ricky,"latin pop, pop venezolano, reggaeton, urbano latino"
24kGoldn,"cali rap, pop rap"
Gooney Jib,No genres found
Rebour,focus
Kari Bin,focus
Matisse,"latin arena pop, latin pop, mexican pop"
Enrique Iglesias,"dance pop, latin pop, mexican pop"
Alvaro Soler,latin pop
Jennifer Lopez,"dance pop, pop, urban contemporary"
Deep Jandu,"desi hip hop, punjabi hip hop, punjabi pop"
David Guetta,"big room, dance pop, edm, pop, pop dance"
Loveboi,No genres found
Chimbala,"dembow, rap dominicano"
mgk,"ohio hip hop, pop rap"
Trunk Boiz,"cali rap, hyphy, oakland hip hop"
Silkk The Shocker,"dirty south rap, new orleans rap"
NLE Choppa,"memphis hip hop, rap"
D Smoke,conscious hip hop
Hooligan Hefs,"aussie drill, australian trap"
Jhené Aiko,r&b
Big Sean,"detroit hip hop, hip hop, pop rap, r&b, rap, southern hip hop, trap"
Kaash Paige,contemporary r&b
Outlandish,No genres found
iann dior,melodic rap
JayDaYoungan,"florida drill, melodic rap, southern hip hop"
胡歌,mainland chinese pop
劉詩詩,chinese drama ost
MarMar Oso,pop r&b
Dennis Lloyd,israeli pop
Aqua,"bubblegum dance, eurodance, europop"
Luh Kel,"pop r&b, st louis rap"
Summer Walker,"r&b, rap"
Sebastian Yatra,"colombian pop, latin pop, reggaeton, reggaeton colombiano, urbano latino"
CNCO,"boy band, latin pop, reggaeton, urbano latino"
TINI,"latin pop, latin viral pop, pop argentino"
Camilo,"colombian pop, latin pop, latin viral pop, reggaeton colombiano, urbano latino"
Elva Hsiao,mandopop
卓文萱,mandopop
Lara Liang,mandopop
Fahrenheit,thai rock
THE SCOTTS,No genres found
Da Mouth,mandopop
Gucci Mane,"atl hip hop, dirty south rap, hip hop, pop rap, rap, southern hip hop, trap"
NAV,"canadian hip hop, canadian trap, melodic rap, rap, trap"
88GLAM,"canadian hip hop, canadian trap, melodic rap"
Quando Rondo,"melodic rap, trap"
Keyshia Cole,"hip pop, r&b, urban contemporary"
K CAMP,"atl hip hop, melodic rap, southern hip hop, trap"
YNW Melly,"melodic rap, rap"
A Boogie Wit da Hoodie,"melodic rap, rap, trap"
KDM on the Track,aussie drill
Lil Mosey,"melodic rap, rap conscient"
Power Station,"c-pop, mandopop"
Xian Zi,"mainland chinese pop, mandopop"
Brandz,r&drill
Vivian Hsu,"mandopop, taiwan singer-songwriter"
NoCap,"alabama rap, atl trap"
嚴藝丹,"mainland chinese pop, zhongguo feng"
Various Artists,"europop, swedish pop"
Zhao Lei,chinese minyao
Winnie Hsin,"classic mandopop, mandopop"
張艾嘉,"classic mandopop, taiwan campus folk"
Zhao Chuan,"classic mandopop, mandopop, taiwan pop"
林依晨,mandopop
Florian Picasso,"dutch house, edm, electro house, pop dance, pop edm, progressive electro house, progressive house, sky room"
HOBIN ROOD,No genres found
MICAH,No genres found
Felix Jaehn,"edm, german dance, pop dance, tropical house, uk dance"
Kesh,chill r&b
Mike Hawkins,"danish electronic, progressive electro house, sky room"
Zack Martino,pop edm
Steve Modana,No genres found
Kia Love,No genres found
FLAMEBORN,No genres found
LAYRZ,No genres found
Dave Ramone,No genres found
T.I.,"atl hip hop, dirty south rap, gangster rap, hip hop, pop rap, rap, southern hip hop, trap"
will.i.am,"dance pop, pop"
Demi Lovato,"pop, post-teen pop"
Iggy Azalea,"australian hip hop, dance pop, pop"
Avril Lavigne,"canadian pop, candy pop, dance pop, pop"
LMFAO,"dance pop, pop, pop rap"
Neon Trees,"modern rock, neo mellow, pop rock, pov: indie"
6ix9ine,emo rap
Selena Gomez & The Scene,pop
Bridgit Mendler,"pop, post-teen pop"
Bastille,"metropopolis, modern rock, pop"
Zendaya,"pop, post-teen pop"
The Wanted,"boy band, dance pop, pop, post-teen pop"
Meghan Trainor,"hip pop, pop"
fun.,"baroque pop, metropopolis, neo mellow"
Vance Joy,"folk-pop, modern rock"
Passenger,"folk-pop, neo mellow"
Ever So Blue,background piano
A$AP Ferg,"hip hop, pop rap, rap, southern hip hop, trap"
VIZE,"german dance, slap house"
Kid Ink,"pop rap, rap, southern hip hop, trap"
Pink Sweat$,bedroom soul
Surf Mesa,pop edm
Jay Samson,pacific islands pop
Stephan Moccio,background piano
SXTEEN,dutch rap pop
2 Chainz,"atl hip hop, hip hop, pop rap, rap, southern hip hop, trap"
Major Nine,"florida rap, miami hip hop"
KYLE,"deep underground hip hop, indie pop rap, meme rap, pop rap, viral trap"
Marc E. Bassy,indie pop rap
Cash Cash,"dance pop, edm, electro house, electropowerpop, pop dance"
Hp Boyz,aussie drill
Lost Kings,"pop dance, pop edm"
TKO,No genres found
Dexta Daps,"dancehall, riddim"
Burna Boy,"afrobeats, dancehall, nigerian hip hop, nigerian pop"
Kurupt,"g funk, west coast rap"
飛輪海,"mandopop, taiwan idol pop"
Gyptian,"conscious hip hop, dancehall, reggae fusion"
SGE Kash,No genres found
Pia Mia,"dance pop, pop, post-teen pop"
Mike WiLL Made-It,"atl hip hop, rap, southern hip hop, trap"
ManCub,No genres found
瘦子E.SO,"chinese r&b, mandopop, taiwan hip hop"
Sleazy Stereo,dutch moombahton
Kit Chan,"c-pop, classic mandopop, singaporean mandopop, singaporean pop, xinyao"
Sleepy Dogs,pet calming
Sleepy Times,"environmental, sleep"
Gunna,"atl hip hop, melodic rap, rap, trap"
August Alsina,"pop r&b, pop rap, r&b, southern hip hop, trap, urban contemporary"
Tyla Yaweh,"cali rap, melodic rap"
Besomorph,"alt z, dark r&b, slap house, traprun"
Lil Loaded,dfw rap
Swae Lee,"melodic rap, rap, trap"
Pop Smoke,"brooklyn drill, hip hop, rap"
Beloved Melodies,No genres found
Henry Smith,neo-classical
Andy Angel,piano cover
David Schultz,classify
RPM (Relaxing Piano Music),pianissimo
Flying Fingers,piano cover
KBFR,viral rap
Leonid Rose,"classical performance, violin"
The Kid LAROI,australian hip hop
JKING,pacific islands pop
YNG Martyr,meme rap
Siente,No genres found
Milwin,deep pop edm
Melanie Martinez,"alt z, electropop, pop"
Sam Fischer,"australian pop, singer-songwriter pop"
AJ Moreno,No genres found
Natalie Taylor,No genres found
Despotem,traprun
PnB Rock,"melodic rap, rap, trap"
Jawsh 685,nz pop
Jordan Parker,No genres found
Hooks,aussie drill
Brothers,No genres found
No Money Enterprise,"aussie drill, australian hip hop, brisbane hip hop"
ONEFOUR,"aussie drill, australian hip hop, australian trap"
The 046,aussie drill
BENEE,"alt z, nz pop"
Dominic Fike,"alternative pop rock, pov: indie"
Don Toliver,rap
Sofía Reyes,"latin pop, latin viral pop, mexican pop"
Eric Bellinger,"pop r&b, r&b"
Dany Neville,No genres found
Gemaine,pop r&b
RMR,No genres found
Mala Rodríguez,"latin hip hop, rap latina"
Ladonsyl,igbo rap
Zhang Yu Sheng,"classic mandopop, mandopop, taiwan singer-songwriter"
StaySolidRocky,melodic rap
Calboy,"chicago rap, melodic rap"
Rich The Kid,"atl hip hop, melodic rap, plugg, rap, trap"
BRELAND,black americana
Sleepy John,environmental
Miracle Tones,"healing hz, meditation"
Lil Yachty,"atl hip hop, melodic rap, rap, trap"
Alex Sensation,reggaeton
Serhat Durmus,"arab trap, turkish trap"
阿冗,"chinese viral pop, mainland chinese pop"
Koffee,No genres found
Hotboii,"florida drill, florida rap"
Moneybagg Yo,"memphis hip hop, rap, southern hip hop, tennessee hip hop, trap"
Takagi & Ketra,"italian adult pop, italian hip hop, italian pop"
Trey Songz,"dance pop, r&b, southern hip hop, trap, urban contemporary"
Mike Posner,"dance pop, pop, pop dance, pop rap"
Hot Chelle Rae,"dance rock, neon pop punk, post-teen pop"
Bow Wow,"dance pop, hip pop, pop rap, r&b, rap, southern hip hop, trap, urban contemporary"
Big Time Rush,"boy band, pop, post-teen pop"
Plies,"dirty south rap, miami hip hop, southern hip hop, trap"
Travis Porter,"atl hip hop, dirty south rap, futuristic swag, southern hip hop, trap"
Young Money,"dirty south rap, pop rap, rap, southern hip hop, trap"
Baby Bash,"chicano rap, latin hip hop, pop rap, southern hip hop, texas latin rap, urban contemporary"
Omarion,"dance pop, hip pop, r&b, rap, southern hip hop, trap, urban contemporary"
Olivia O'Brien,"alt z, pop"
New Boyz,pop rap
SoMo,"pop r&b, r&b, teen pop"
The Pussycat Dolls,"dance pop, girl group, pop"
Fetty Wap,"new jersey rap, pop rap, rap, southern hip hop, trap"
Natasha Bedingfield,"dance pop, pop, post-teen pop"
Tainy,"pop reggaeton, reggaeton, trap latino, urbano latino"
Sech,"panamanian pop, reggaeton, trap latino, urbano latino"
Party Favor,"brostep, edm, electro house, electronic trap"
David Archuleta,"idol, lds youth, post-teen pop"
Jessie J,"dance pop, pop"
Stevie Hoang,hmong pop
The Saturdays,"dance pop, girl group, post-teen pop, talent show"
Gavin DeGraw,"neo mellow, pop rock"
Cody Simpson,"australian pop, pop, post-teen pop"
Pika Chiu,"taiwan pop, taiwan singer-songwriter"
宋冬野,"chinese indie, chinese minyao"
梦然,"chinese viral pop, mainland chinese pop"
Jony J,chinese hip hop
G22,taiwan hip hop
婁峻碩,"mandopop, taiwan hip hop"
David Lui,"c-pop, classic cantopop, classic mandopop"
The Neighbourhood,"modern alternative rock, modern rock, pop"
JS,taiwan pop
Cindy Yen,mandopop
許慧欣,mandopop
蔡黃汝,"mandopop, taiwan pop"
張芸京,mandopop
李千娜,mandopop
Selina,"chinese r&b, mandopop"
Sweety,"mandopop, taiwan idol pop"
許紹洋,mandopop
Fang Wu,"mandopop, taiwan singer-songwriter"
Niko Sun,mainland chinese pop
Princess Ai,mandopop
万能青年旅店,"chinese indie rock, northwest china indie"
告五人,"mandopop, taiwan indie"
EggPlantEgg,"mandopop, taiwan indie, taiwanese indie"
艾薇,mandopop
Yo Lee,"mandopop, taiwan pop, taiwan singer-songwriter"
Chih Siou,"mandopop, taiwan indie, taiwan pop, taiwan singer-songwriter"
颜人中,taiwan singer-songwriter
Yuki Hsu,"classic mandopop, mandopop"
Lollipop F,"mandopop, taiwan idol pop"
殷悅,taiwan pop
Maggie Chiang,"classic mandopop, mandopop, taiwan pop"
Alan Kuo,"mandopop, taiwan pop"
Jerry Yan,taiwan idol pop
陶晶瑩,"classic mandopop, mandopop, taiwan pop"
Amber An,mandopop
Internet Money,"pop rap, trap"
Zoe Wees,german pop
Angèle,"belgian pop, french pop, variete francaise"
The Starlings,belgian pop
twocolors,"edm, pop dance, pop edm"
Hooverphonic,"downtempo, electronica, trip hop"
IBE,belgian singer-songwriter
主唱,swahili gospel
Luis Fonsi,"latin pop, puerto rican pop"
Zooey Wonder,"chinese electropop, chinese indie, taiwan indie, taiwan pop"
Tank,"mandopop, taiwan pop"
Drax Project,nz pop
TEEKS,nz pop
Russ Millions,"melodic drill, uk drill"
Olivia Rodrigo,pop
Kings,nz hip hop
AJR,pov: indie
LLusion,lo-fi beats
Liv Grace Blue,No genres found
Julia Michaels,pop
Andi,alt z
salem ilese,"alt z, modern indie pop"
Salty,australian alternative pop
Glades,"indie electropop, indie poptimism, metropopolis"
Adam Turley,No genres found
Maia Wright,vocal trance
Thomston,"etherpop, indie electropop, indie poptimism"
ROSÉ,k-pop
Loi,"adult standards, dixieland, harlem renaissance, jazz trumpet, lounge, new orleans jazz, soul, swing, vocal jazz"
Chloe George,No genres found
Rina Sawayama,"art pop, electropop, escape room, indie pop"
carolesdaughter,alt z
PRINS,No genres found
Elton John,"glam rock, mellow gold, piano rock, rock"
鄭容和,korean pop
Wolfgang Amadeus Mozart,"classical, classical era"
Johann Sebastian Bach,"baroque, classical, early music, german baroque"
George Frideric Handel,"baroque, classical, early music, english baroque, german baroque"
小男孩樂團,"mandopop, taiwan indie, taiwan pop"
Soo Wincci,"malaysian hip hop, malaysian mandopop, mandopop"
潘裕文,"mandopop, taiwan pop"
GJ,"chinese r&b, taiwan pop"
Amber Kuo,mandopop
Aaron Yan,"mandopop, taiwan idol pop, taiwan pop"
魏嘉瑩 Arrow Wei,"taiwan pop, taiwan singer-songwriter"
元衛覺醒,"mandopop, taiwan pop"
Dawen Wang,"mandopop, taiwan pop"
Jane Huang,mandopop
蘇慧倫,"classic mandopop, mandopop"
Ben Wu,"chinese electropop, taiwan pop"
Miu Chu,mandopop
ALEX CHOU,chinese r&b
Da Zhuang,mainland chinese pop
崔子格;楊培安,"c-pop, mandopop, taiwan pop, zhongguo feng"
皮卡丘多多,chinese viral pop
Julia Peng,"chinese drama ost, classic mandopop, mandopop"
Abin Fang,"malaysian mandopop, mandopop"
Phil Chang,"classic mandopop, mandopop"
Jess Lee,"malaysian mandopop, mandopop"
Shadya Lan,"mandopop, taiwan singer-songwriter"
Z-Chen,"chinese r&b, malaysian mandopop, mandopop"
Magic Power,"mandopop, taiwan idol pop"
Cheer Chen,"mandopop, taiwan singer-songwriter"
Evangeline Wong,mandopop
Cosmos People,"mandopop, taiwan pop"
Anne-Marie,pop
Why Don't We,"boy band, pop"
Bebe Rexha,"dance pop, pop"
"Magnus Ericsson,violin Hans-Olov Mellqvist,piano",No genres found
Bach/Gounod,No genres found
Ludwig van Beethoven,"classical, classical era, early romantic era, german romanticism"
Johannes Brahms,"classical, german romanticism, late romantic era"
Antonín Dvořák,"classical, czech classical, late romantic era"
Jacques Ibert,"early modern classical, impressionism"
Carl Maria von Weber,"classical, classical era, early modern classical, early romantic era, german romanticism"
Johann Nepomuk Hummel,"classical era, early romantic era"
Dmitri Shostakovich,"classical, compositional ambient, russian modern classical"
Claude Debussy,"classical, impressionism, post-romantic era"
Erik Satie,"classical, early avant garde, early modern classical, impressionism, post-romantic era"
Joep Beving,"compositional ambient, neo-classical"
Maria Theresia von Paradis,classical era
Camille Saint-Saëns,"classical, french romanticism, late romantic era"
Charles Gounod,"classical, french opera, french romanticism, late romantic era"
Ennio Morricone,"classic soundtrack, italian soundtrack, orchestral soundtrack, vintage italian soundtrack"
Joseph Haydn,"classical, classical era"
John Williams,"orchestral soundtrack, soundtrack"
Gabriel Fauré,"classical, post-romantic era"
Yo-Yo Ma,"chamber ensemble, classical cello, classical performance"
Antonio Vivaldi,"baroque, classical, early music, italian baroque"
Edward Elgar,"british modern classical, classical, late romantic era, victorian britain"
Jules Massenet,"classical, french opera, french romanticism, post-romantic era"
Richard Rodgers,"broadway, tin pan alley"
Giuseppe Tartini,"baroque, classical, italian baroque"
César Franck,"classical, french romanticism, late romantic era"
Pyotr Ilyich Tchaikovsky,"classical, late romantic era, russian romanticism"
Nikolai Rimsky-Korsakov,"avant-garde, classical, early modern classical, late romantic era, russian romanticism"
Pablo de Sarasate,"classical, late romantic era, spanish classical, violin"
Manuel de Falla,"classical, early modern classical, impressionism, neoclassicism, post-romantic era, spanish classical"
Fritz Kreisler,"classical, post-romantic era, violin"
George Gershwin,"american modern classical, classical, early modern classical, tin pan alley"
Felix Mendelssohn,"classical, early romantic era, german romanticism"
Franz Schubert,"classical, classical era, early romantic era"
Frédéric Chopin,"classical, early romantic era, polish classical"
Kezia Amelia,pop violin
Robert Mendoza,classify
Jeremy Green,pop violin
Tom Petty and the Heartbreakers,"album rock, classic rock, hard rock, heartland rock, mellow gold, rock, singer-songwriter, soft rock"
Bob Dylan,"classic rock, country rock, folk, folk rock, rock, roots rock, singer-songwriter"
Dizzy Dizzo,taiwan hip hop
Marz23,"mandopop, taiwan hip hop"
WONHO,k-pop
Mark Tuan,No genres found
R-chord,"mandopop, taiwan singer-songwriter"
Phil Lam,cantopop
玖壹壹,"mandopop, taiwan hip hop"
Juno Mak,cantopop
Fan Yi Chen,mandopop
理想混蛋,"mandopop, taiwan indie"
Adam Cheng,"c-pop, classic cantopop, vintage cantonese pop"
許昊珂,chinese soundtrack
Gentle Bones,singaporean pop
WONFU,"lo star, mandopop, taiwan pop, taiwanese indie"
Naiwen Yang,"mandopop, taiwan pop, taiwan singer-songwriter"
Katncandix2,"mandopop, taiwan pop"
Mavis Fan,"chinese indie, mandopop"
Wu Bai,"mandopop, taiwan singer-songwriter"
陳建年,"taiwan indie, taiwan pop, taiwan singer-songwriter, taiwanese indigenous music"
Matzka,"chinese reggae, mandopop, taiwan pop, taiwanese indigenous music"
Soft Lipa,"mandopop, taiwan hip hop, taiwan pop, taiwan singer-songwriter"
Deserts Chang,"mandopop, taiwan indie, taiwan pop, taiwan singer-songwriter"
Fire EX.,"mandopop, taiwan indie, taiwan pop, taiwan punk"
那我懂你意思了,taiwan indie
Misi Ke,"chinese indie, taiwan indie, taiwan singer-songwriter"
Flesh Juicer,"chinese metalcore, taiwan metal, taiwan pop"
魚丁糸,chinese indie
Miss Ko,taiwan hip hop
SS501,"k-pop, k-pop boy group"
Someday,"k-pop, pop"
张远,chinese viral pop
鄧福如 AFÜ,"mandopop, taiwan singer-songwriter"
OHMYMEITING,"singaporean mandopop, taiwan pop"
守夜人,"taiwan indie, taiwan pop"
A Si,"chinese minyao, taiwan indie, taiwan pop"
信樂團,"mandopop, taiwan pop"
Whyte,taiwan pop
Julia Wu,"chinese electropop, mandopop, taiwan pop"
9m88,"chinese r&b, mandopop, taiwan pop"
Anni Hung,taiwan pop
龔鈺祺,No genres found
Carpenters,"adult standards, mellow gold, soft rock"
路嘉欣,taiwan pop
張國穎,No genres found
Sigrid,"electropop, norwegian pop"
ABBA,"europop, swedish pop"
蔡詩蕓,"mandopop, taiwan pop"
Enno Cheng,"taiwan indie, taiwan pop, taiwan singer-songwriter"
Chunho,No genres found
Backstreet Boys,"boy band, dance pop, pop"
深白色二人組,taiwan pop
全體,No genres found
時一修,No genres found
Meeia Foo,"malaysian mandopop, mandopop"
張玉華,singaporean mandopop
曾寶儀,No genres found
陳建騏,chinese soundtrack
Alberto Guillermo Lavorano,No genres found
Paraskevas Grekis,bouzouki
Moods,"chillhop, indie soul"
Queen Wei,mandopop
方雅賢,No genres found
櫻桃幫,"mandopop, taiwan indie, taiwan pop"
小球(莊鵑瑛),"taiwan pop, taiwan singer-songwriter"
Soler,"macau pop, taiwan pop"
廖文強,"taiwan indie, taiwan pop"
慢慢說,taiwan pop
Anniedora,taiwan indie
萧萧,No genres found
趙之璧,taiwan pop
亦帆,"mandopop, taiwan pop"
ERIKA,taiwan pop
張簡君偉,taiwan singer-songwriter
雅立,No genres found
邵雨薇,taiwan pop
Ruth Kueo,"singaporean mandopop, taiwan pop"
Denise Ho,"cantopop, hong kong indie"
林嘉欣,cantopop
The Sam Willows,singaporean pop
FS (Fuying & Sam),"malaysian mandopop, taiwan pop"
911,"mandopop, taiwan hip hop"
Pei-Yu Hung,"mainland chinese pop, mandopop, taiwan pop"
歐得洋,No genres found
Before You Exit,teen pop
Union J,"boy band, post-teen pop, talent show"
Sam Tsui,"post-teen pop, viral pop"
Alex Goot,viral pop
Calculasian,No genres found
逃跑计划EscapePlan,"chinese indie, chinese indie pop"
Anna Kendrick,"hollywood, movie tunes"
光头华夏,No genres found
毛阿敏,classic mandopop
桑布伊,taiwanese indigenous music
Jody Chiang,"classic mandopop, hokkien pop, mandopop"
王建傑,hokkien pop
余佩真,"chinese indie, taiwan pop"
宇珩,malaysian mandopop
小霞,No genres found
HUSH,"taiwan indie, taiwan pop, taiwan singer-songwriter"
Buddha Jump,"chinese indie, taiwan indie"
胡家誠,taiwan singer-songwriter
七朵组合,"c-pop girl group, zhongguo feng"
Hao Yun,"chinese minyao, chinese singer-songwriter"
有感覺,taiwan pop
Hu Ge,"classic mandopop, mandopop"
Ginga金甲,No genres found
侯湘婷,"classic mandopop, mandopop"
刘珂矣,zhongguo feng
後弦,zhongguo feng
花兒樂隊,chinese punk
Shadia,"arab pop, classic arab pop"
回音哥,mainland chinese pop
牛奶@咖啡,chinese indie pop
好妹妹,chinese minyao
痞客四,No genres found
利綺,No genres found
陶莉萍,No genres found
展翼(ZAYIN),taiwan pop
洛客班,mandopop
Jenny Yang,No genres found
許莉潔,taiwan pop
李心潔,"classic mandopop, malaysian mandopop, mandopop"
汪佩蓉,taiwan singer-songwriter
羅文裕,"hakkapop, taiwan singer-songwriter"
蒋蒋,No genres found
林俊呈,mainland chinese pop
Tank Lu,No genres found
Chris Lee Artiste,mainland chinese pop
陳柯宇,"chinese singer-songwriter, mainland chinese pop"
黃磊,No genres found
棉子,chinese viral pop
四個朋友,No genres found
PiA,taiwan pop
Billie Holiday,"adult standards, harlem renaissance, jazz, jazz blues, soul, swing, torch song, vocal jazz"
硬糖少女303,c-pop girl group
W.M.L,"chinese hip hop, taiwan pop"
理想混蛋 雞丁,"mandopop, taiwan indie"
Crispy脆樂團,"taiwan indie, taiwan pop"
Jocelyn 9.4.0,chinese r&b
Sandee Chan,"chinese indie, mandopop, taiwan indie, taiwan pop, taiwan singer-songwriter"
南方二重唱,"classic mandopop, taiwan campus folk"
赖冰霞,vintage chinese pop
謝雷,"classic mandopop, vintage chinese pop, vintage taiwan pop"
方瑞娥,classic mandopop
Feng Ze,"singaporean mandopop, singaporean singer-songwriter, taiwan pop"
悦开心,No genres found
單依純,No genres found
Jeryl Lee,malaysian mandopop
叶炫清,"chinese drama ost, zhongguo feng"
妍狗,No genres found
羅美玲,No genres found
莫非定律乐团,No genres found
賴慈泓,taiwan pop
南瓜妮歌迷俱樂部,"taiwan indie, taiwan rock"
蜜雪薇琪,"mandopop, taiwan idol pop, taiwan pop"
輕鬆玩樂團,taiwan pop
接個吻,chinese viral pop
郭顶,"taiwan indie, taiwan singer-songwriter"
A-Sun,taiwan singer-songwriter
焦邁奇,"chinese singer-songwriter, mainland chinese pop"
林倛玉,No genres found
苏运莹,No genres found
戴廷翰,taiwan graduation song
Our Shame,taiwan indie
同恩,"mandopop, taiwan pop"
柯智棠,"taiwan indie, taiwan pop, taiwan singer-songwriter"
田一龙,No genres found
en,"anime, k-pop boy group"
斑马森林,No genres found
刘人语,"chinese drama ost, chinese singer-songwriter"
葉炫清,"chinese drama ost, zhongguo feng"
趙英俊,chinese singer-songwriter
泗泾,No genres found
李慧珍,No genres found
曾咏欣,chinese drama ost
那英,"classic mandopop, mainland chinese pop, mandopop"
Blueping,No genres found
Chyi Yu,"c-pop, classic mandopop, fo jing"
Jane Zhang,mainland chinese pop
陈冰,No genres found
Jin Hai Xin,chinese singer-songwriter
碧欣,No genres found
Good Band,mandopop
Mixer,"mandopop, taiwan indie, taiwan pop"
The Life Journey,"chinese indie, chinese indie pop, southern china indie"
joysaaaa,chinese viral pop
Daven Wu,chinese viral pop
蒋小呢,"chinese melodic rap, chinese viral pop"
MC 張天賦,"cantopop, hk-pop"
LBI利比,chinese viral pop
程响,chinese viral pop
隊長,chinese viral pop
KeyKey,chinese viral pop
space x,chinese viral pop
李玉璽,"mandopop, taiwan pop"
BLACKPINK,"k-pop, k-pop girl group, pop"
人力飛行劇團,No genres found
安溥,"chinese indie, taiwan pop, taiwan singer-songwriter"
壞特 ?te,taiwan pop
The Chairs,"chinese indie, taiwan pop"
冰球樂團,taiwan pop
詹雯婷,taiwan singer-songwriter
米莎,"hakkapop, taiwan instrumental"
Red Velvet,"k-pop, k-pop girl group"
鄭興,"mandopop, taiwan pop, taiwan singer-songwriter"
瑞瑪席丹Rima Zeidan,taiwan pop
Quarterback,"taiwan indie, taiwan pop"
Sharon Kwan,mandopop
Company - Into the Woods (Motion Picture Cast),movie tunes
Joanna Riding,No genres found
Johnny Depp,hollywood
Mackenzie Mauzy,No genres found
Stephen Sondheim,broadway
Emily Blunt,"hollywood, movie tunes"
Lilla Crawford,movie tunes
Daniel Huttlestone,"hollywood, show tunes"
Original Broadway Cast of Into the Woods,No genres found
Kim Crosby,No genres found
Robert Westenberg,No genres found
Ben Wright,No genres found
Danielle Ferland,No genres found
Joanna Gleason,No genres found
Bernadette Peters,"broadway, hollywood, show tunes, vintage broadway"
Tom Aldredge,No genres found
Chip Zien,broadway
‘Into The Woods’ 2022 Broadway Cast,No genres found
David Patrick Kelly,No genres found
Gavin Creel,"british soundtrack, soundtrack"
Cole Thompson,"broadway, show tunes"
Sara Bareilles,"acoustic pop, lilith, neo mellow, pop rock, post-teen pop"
Julia Lester,movie tunes
Patina Miller,No genres found
Aaron Tveit,"broadway, hollywood, show tunes"
Andrew Lloyd Webber,"broadway, west end"
Chris Pine,movie tunes
Meryl Streep,"hollywood, show tunes"
Luciano Pavarotti,"canzone napoletana, classical tenor, italian tenor, opera, operatic pop"
林祥園,chinese folk
Imogen Heap,"etherpop, metropopolis"
Amanda Seyfried,hollywood
Keira Knightley,hollywood
李灌晏,No genres found
小賤,No genres found
依錚依靜,taiwan indie
川島茉樹代Makiyo,taiwan pop
林昱東,No genres found
阿桑,"mandopop, taiwan pop"
湯薇恩,"singaporean mandopop, xinyao"
Tauren Wells,"ccm, christian alternative rock, christian music"
Glass Animals,"gauze pop, indietronica, modern rock, pov: indie, shiver pop"
Pong Nan,cantopop
Charmaine Fong,cantopop
呂允,No genres found
Matt Lv,chinese r&b
唐貓 SUGARCAT,"chinese electropop, taiwan pop"
June Pan,"chinese electropop, taiwan pop"
Haezee,chinese r&b
顧媚,"c-pop, vintage chinese pop"
Kyu Sakamoto,enka
Johnny Ip,"c-pop, classic cantopop"
Hiromi Go,No genres found
Doris Day,"adult standards, easy listening, lounge, vocal jazz"
Andy Hui,"c-pop, cantopop, classic cantopop"
E-Jun Lee,"classic mandopop, mandopop"
许飞,chinese singer-songwriter
Byejack,hk-pop
Niño Prodigio,No genres found
Cast Of Rent,hollywood
Stephen Schwartz,"broadway, show tunes"
Patti LuPone,"broadway, hollywood, show tunes"
Sasha Lazard,operatic pop
Adam Pascal,"broadway, hollywood, show tunes"
Glenn Close,movie tunes
Original Broadway Cast of Hamilton,"broadway, show tunes"
Les Misérables Cast,hollywood
Susan Egan,movie tunes
Jodi Benson,movie tunes
Terry Mann,No genres found
Eri Ito,No genres found
Lea Salonga,"movie tunes, tagalog worship"
Donny Osmond,bubblegum pop
98º,boy band
Jerry Goldsmith,"classic soundtrack, orchestral soundtrack, soundtrack"
Christina Aguilera,"dance pop, pop"
Savage Garden,"boy band, dance pop, pop rock"
Quongrui,No genres found
Evan Rachel Wood,"hollywood, movie tunes"
Idina Menzel,"hollywood, movie tunes, show tunes"
Alan Menken,"broadway, movie tunes, orchestral soundtrack"
Jason Weaver,movie tunes
Auli'i Cravalho,movie tunes
Brad Kane,movie tunes
Lillias White,movie tunes
Craig Armstrong,"british soundtrack, orchestral soundtrack, soundtrack"
Kristen Bell,movie tunes
Paige O'Hara,movie tunes
Ryan,chinese hip hop
Roger Bart,movie tunes
Mandy Moore,"dance pop, hollywood, neo mellow, post-teen pop"
Disney Peaceful Piano,piano cover
Miyuki Ichijo,No genres found
Lauren Christy,No genres found
Against The Current,"neon pop punk, pixie, pop punk"
The Freshman,singaporean mandopop
Noah Kahan,"pov: indie, singer-songwriter pop"
Cordae,"hip hop, pop rap, rap, trap, underground hip hop"
XXXTENTACION,"emo rap, miami hip hop, rap"
Macklemore,"pop rap, seattle hip hop"
Jeremy Zucker,"alt z, electropop, pop"
Social House,No genres found
Dean Lewis,"australian pop, pop"
88rising,asian american hip hop
JAY-Z,"east coast hip hop, gangster rap, hip hop, pop rap, rap"
Joji,viral pop
Chri$tian Gate$,"sad rap, singer-songwriter pop"
6LACK,"k-pop, k-pop girl group, pop"
Ski Mask The Slump God,"hip hop, miami hip hop, pop rap, rap, trap, underground hip hop"
Joey Bada$$,"conscious hip hop, hip hop, rap"
Dreamville,"hip hop, pop rap, rap"
charlieonnafriday,singer-songwriter pop
J. Cole,"conscious hip hop, hip hop, north carolina hip hop, rap"
Nicky Youre,singer-songwriter pop
Miguel,"r&b, urban contemporary"
Mura Masa,"channel islands indie, escape room, hyperpop, indie soul, vapor soul"
benny blanco,pop
Sleepy Hallow,"brooklyn drill, nyc rap"
Ryan Mack,"irish pop, singer-songwriter pop"
bbno$,"canadian hip hop, dark trap, meme rap"
Connor Price,singer-songwriter pop
iamnotshane,singer-songwriter pop
Saint Chaos,"bossbeat, dark r&b"
Stellar,social media pop
Jake Daniels,dark r&b
Yung Gravy,"meme rap, minnesota hip hop"
Ragged Insomnia,No genres found
Confetti,la pop
Chloe Adams,alt z
Lin-Manuel Miranda,"broadway, show tunes"
Ilan Eshkeri,"british soundtrack, orchestral soundtrack, soundtrack"
Thomas Newman,"orchestral soundtrack, soundtrack"
Flo Rida,"dance pop, miami hip hop, pop, pop rap"
Boyz II Men,"boy band, contemporary r&b, new jack swing, r&b, urban contemporary"
JoJo,"dance pop, pop, post-teen pop"
Kelly Rowland,"atl hip hop, dance pop, hip pop, r&b, urban contemporary"
112,"atl hip hop, boy band, contemporary r&b, hip pop, r&b, urban contemporary"
Naughty By Nature,"east coast hip hop, hip hop, new jersey rap"
Bob Marley & The Wailers,"reggae, roots reggae"
Acoustic Vibe,No genres found
Cali Dubs,No genres found
Journey,"album rock, classic rock, hard rock, mellow gold, rock, soft rock"
Billy Joel,"album rock, classic rock, mellow gold, piano rock, rock, singer-songwriter, soft rock"
Fleetwood Mac,"album rock, classic rock, rock, soft rock, yacht rock"
Billy Ocean,"disco, mellow gold, new romantic, new wave pop, soft rock, yacht rock"
Kenny Loggins,"album rock, classic rock, mellow gold, new wave pop, singer-songwriter, soft rock, yacht rock"
"Earth, Wind & Fire","disco, funk, jazz funk, motown, soul"
Bon Jovi,"glam metal, rock"
Van Halen,"album rock, classic rock, hard rock, rock"
The Wailers,"reggae, roots reggae, ska"
Lenny B,No genres found
Layout,No genres found
Danny Wilson,"new wave pop, scottish new wave, sophisti-pop"
Bette Midler,"adult standards, new wave pop, soft rock"
Socrab,No genres found
Robin Thicke,"dance pop, neo soul, pop rap, r&b, urban contemporary"
L.A.B.,nz reggae
Dolly Parton,"classic country pop, country, country dawn"
Timbaland,"dance pop, pop, pop rap"
Harold Faltermeyer,"german soundtrack, synthesizer, synthpop"
Bob Marley,reggae
JoFes SkillzMen,No genres found
Tapper Zukie,"dub, old school dancehall, reggae, rocksteady, roots reggae"
Skip Marley,modern reggae
Jamaica Sweet,No genres found
Zach Bryan,classic oklahoma country
Timmy Trumpet,"australian dance, big room, melbourne bounce, melbourne bounce international, pop dance"
Lil Wayne,"hip hop, new orleans rap, pop rap, rap, trap"
Muse,"alternative rock, modern rock, permanent wave, rock"
Galantis,"dance pop, edm, pop, pop dance, progressive electro house"
Gryffin,"edm, pop dance"
Travie McCoy,pop rap
K-391,"gaming edm, nordic house"
Rudimental,"pop dance, uk dance, uk funky"
Twenty One Pilots,"modern rock, pop, pov: indie, rock"
Paramore,"candy pop, modern rock, pixie, pop, pop emo, pop punk, rock"
Morgan Wallen,contemporary country
FIFTY FIFTY,k-pop girl group
Teddy Swims,No genres found
Mumford & Sons,"modern folk rock, modern rock, neo mellow, stomp and holler, uk americana"
Libianca,afrobeats
Lana Del Rey,"art pop, pop"
Logic,"conscious hip hop, hip hop, pop rap, rap"
Jacob Vallen,melbourne bounce international
Lily Allen,"dance pop, electropop, neo mellow"
Sunny Daze,No genres found
David Kushner,"gen z singer-songwriter, singer-songwriter pop"
Toploader,british alternative rock
Red Hot Chili Peppers,"alternative rock, funk metal, funk rock, permanent wave, rock"
DJ Paul,"bounce, crunk, dirty south rap, memphis hip hop"
JVKE,"modern indie pop, pov: indie, singer-songwriter pop"
Justina Valentine,trap queen
Coi Leray,"new jersey underground rap, trap queen"
Lindasson,canadian trap
Chris Webby,indie pop rap
Blackillac,experimental hip hop
Paul Russell,indie r&b
Echosmith,"electropop, indie poptimism, viral pop"
Isla-Maria,No genres found
Portugal. The Man,"indie rock, indietronica, modern alternative rock, modern rock"
Queen Nu,No genres found
Vanessa Carlton,"lilith, neo mellow, piano rock, pop rock, post-teen pop"
A!MS,cypriot hip hop
Earthquake Lights,No genres found
Toby Ganger,No genres found
Aaliyah,"contemporary r&b, dance pop, hip pop, r&b, urban contemporary"
Royse,No genres found
*NSYNC,"boy band, dance pop, pop"
NewJeans,"k-pop, k-pop girl group"
James Blunt,neo mellow
Fourfive,No genres found
CeeLo Green,"atl hip hop, pop rap"
The Scandalous Playaz,No genres found
Flight,texas latin rap
Millyz,boston hip hop
Gwen Stefani,"dance pop, pop"
d4vd,"bedroom pop, bedroom r&b"
Ku$h Drifter,No genres found
Rema,"afrobeats, nigerian pop"
YNG ONE,No genres found
Jacob Tillberg,meme
Chini,No genres found
Leona Lewis,"british soul, dance pop, pop, talent show"
ClockClock,No genres found
Cian Ducrot,"irish pop, singer-songwriter pop"
Nico Santos,german pop
Glockenbach,No genres found
Lena,"art pop, pop"
Stacey Ryan,No genres found
AFROJACK,"big room, dance pop, dutch house, edm, electro house, pop dance"
Gestört aber GeiL,"german dance, german pop"
Makar,belgian hip hop
Armani White,indie hip hop
James Hype,"deep groove house, house, pop dance, uk dance"
Restricted,hypertechno
SERA,No genres found
ILIRA,albanian pop
Florentina,"frauenrap, german hip hop, german pop"
Rêve,No genres found
Tom Santa,stutter house
Ghost,"hard rock, metal"
Liaze,No genres found
ACRAZE,"pop dance, tech house"
Benzz,No genres found
Swedish House Mafia,"edm, pop dance, progressive electro house"
Nathan Evans,No genres found
BoyWithUke,sad rap
Michael Schulte,"german pop, talentschau"
Sabrina Carpenter,pop
Laurell,canadian pop
Sofia Carson,pop
A1 x J1,"chill drill, melodic drill, r&drill"
Giant Rooks,No genres found
Tenchi,No genres found
TALK,singer-songwriter pop
THE ANXIETY,modern alternative pop
NEIKED,scandipop
Kings Elliot,No genres found
Berre,No genres found
Frederico,No genres found
Michele Morrone,No genres found
Sam Fender,"modern rock, north east england indie"
Finn Askew,No genres found
Sophie and the Giants,sheffield indie
Elbow,britpop
Eddie Vedder,"acoustic rock, grunge, permanent wave"
Nathaniel Rateliff & The Night Sweats,"indie folk, modern blues rock, new americana, stomp and holler"
Michael Aldag,No genres found
WizTheMc,"canadian contemporary r&b, pop rap"
Clara Mae,"alt z, swedish pop"
The National,"chamber pop, indie folk, indie rock, indietronica, modern rock"
KAWALA,uk pop
Holly Humberstone,"alt z, indie pop, modern alternative pop, uk pop"
Baby Queen,modern alternative pop
Dub Vibrations,No genres found
Flanør,No genres found
Loopey,No genres found
Homson,No genres found
Lost Frequencies,"belgian edm, edm, pop dance, tropical house"
Calum Scott,pop
KCee,"afrobeats, afropop, igbo pop, nigerian pop"
Sophie Ellis-Bextor,"dance pop, europop, new wave pop"
The Killers,"alternative rock, dance rock, modern rock, permanent wave, rock"
TLC,"atl hip hop, contemporary r&b, dance pop, girl group, hip pop, r&b, urban contemporary"
Nelly Furtado,"canadian latin, canadian pop, dance pop, pop"
Outkast,"atl hip hop, dirty south rap, hip hop, old school atlanta hip hop, rap, southern hip hop"
Frank Ocean,"lgbtq+ hip hop, neo soul"
blink-182,"alternative metal, modern rock, pop punk, punk, rock, socal pop punk"
Macklemore & Ryan Lewis,"pop rap, seattle hip hop"
Axwell /\ Ingrosso,"edm, pop dance, progressive electro house"
Benson Boone,singer-songwriter pop
Loreen,europop
Alesso,"dance pop, edm, pop, pop dance, progressive electro house"
Myles Smith,singer-songwriter pop
Reggae Stars,No genres found
Inner Circle,"reggae, reggae fusion"
Sublime,"rap rock, reggae fusion, ska mexicano, ska punk"
Hypaton,No genres found
Nadia Ali,vocal trance
Zac Brown Band,"contemporary country, country, country road, modern country rock"
Otto Knows,"edm, electro house, pop dance, progressive electro house"
Kim Kwang Seok,"classic korean pop, korean pop, korean singer-songwriter"
K6劉家凱,No genres found
Jike Junyi,mainland chinese pop
Supper Moment,cantopop
JC 陳詠桐,"cantopop, mandopop"
CHANYEOL,k-pop
ToNick,cantopop
Nathan Hartono,singaporean pop
Wang Jun Qi,mainland chinese pop
Hubert Wu,cantopop
蔡恩雨 Priscilla Abby,malaysian mandopop
NICKTHEREAL,"mandopop, taiwan hip hop"
Laura Fygi,contemporary vocal jazz
電視原聲帶,chinese soundtrack
林京燁,No genres found
Richie Jen,"classic mandopop, mandopop"
Chyi Chin,"c-pop, classic mandopop, taiwan campus folk"
李尤,chinese audiophile
SKY WU,"classic mandopop, mandopop"
劉紫玲,chinese audiophile
Chiang Yu-Heng,classic mandopop
林慧萍,classic mandopop
陈丽媚,No genres found
Josh Groban,operatic pop
Celtic Woman,"celtic, operatic pop"
Il Divo,operatic pop
Enya,"celtic, gregorian dance, operatic pop"
Ronan Keating,"europop, talent show"
Grady Guan,"chinese singer-songwriter, mainland chinese pop, mandopop"
William So,"c-pop, cantopop, classic cantopop, classic mandopop, mandopop"
Shaun,No genres found
Sally Yeh,"c-pop, cantopop, classic cantopop, classic mandopop"
陳蘭麗,"taiwan campus folk, vintage chinese pop"
Grace Chang,vintage chinese pop
Daniel Lo,classic mandopop
巫啟賢,"c-pop, classic mandopop, malaysian mandopop, mandopop, singaporean mandopop, xinyao"
Dave Wang,"c-pop, classic mandopop"
Vivian Chow,"c-pop, cantopop, classic cantopop"
Daniel Chan,"cantopop, classic mandopop, mandopop"
魏奇奇,mainland chinese pop
胡一天,mainland chinese pop
Dylan Wang,mainland chinese pop
Rose Liu,"mandopop, taiwan pop"
Kaiel Chen,taiwan instrumental
Gigi Leung,mandopop
吳奇隆,classic mandopop
Gary Lightbody,british singer-songwriter
Li Jian,"chinese minyao, chinese singer-songwriter, mainland chinese pop"
李函曦,chinese audiophile
Bobby Chen,"classic mandopop, mandopop, taiwan singer-songwriter"
馮佳琪,mainland chinese pop
孫建平,"classic mandopop, taiwan campus folk"
孟庭葦,classic mandopop
蔡幸娟,"classic mandopop, taiwan campus folk"
高勝美,classic mandopop
Thomas Lizzara,german house
林宇中,"malaysian mandopop, mandopop"
馬雲,No genres found
六哲,"chinese viral pop, mainland chinese pop"
潘越雲,classic mandopop
張鎬哲,classic mandopop
"黃明志, G.E.M.鄧紫棋",mandopop
王野,No genres found
Fan Yuanyuan,chinese audiophile
羅綺,No genres found
Cass Phang,"c-pop, cantopop, classic cantopop"
小虎隊,"classic mandopop, mandopop"
優客李林,"classic mandopop, mandopop"
文寧靜,chinese audiophile
李羿慧,No genres found
彭芳,chinese audiophile
吳越,chinese audiophile
梁琳,No genres found
祁隆,No genres found
Pan Mei Chen,classic mandopop
梁紫丹,chinese audiophile
龔玥,chinese audiophile
Ekin Cheng,"cantopop, classic cantopop"
Chris Yu,"classic mandopop, mandopop"
Jacky Wu,"classic mandopop, mandopop"
展展与罗罗,No genres found
Feng Timo,mainland chinese pop
Jacob Lee,australian pop
電視劇原聲帶,No genres found
Bianca Wu,"chinese audiophile, chinese jazz"
Kenneth Lim 林秉材,No genres found
Kenny Bee,"c-pop, classic cantopop"
夏韶聲,"chinese audiophile, classic cantopop"
熊天平,"classic mandopop, mandopop"
F4,"mandopop, taiwan idol pop"
Vera Yen,taiwan singer-songwriter
Jenny Tseng,"c-pop, classic cantopop, classic mandopop"
潘安邦,"classic mandopop, taiwan campus folk"
余天,classic mandopop
Michael Kwan,"c-pop, classic cantopop"
杜麗莎,classic cantopop
Susanna Kwan,classic cantopop
李泰祥,"classic mandopop, taiwan instrumental"
張明敏,No genres found
Lukas Graham,"danish pop, scandipop"
楊燦明,No genres found
冷漠,chinese manyao
楊坤,No genres found
赵照,chinese singer-songwriter
Ayumi Hamasaki,"classic j-pop, eurobeat, j-pop"
Love Tree,No genres found
蔡淳佳,"mandopop, singaporean mandopop, singaporean singer-songwriter"
陈雪凝,mainland chinese pop
Koala Liu,"mainland chinese pop, mandopop"
張若凡RuoFan,No genres found
Asil Türkmen,No genres found
李振源,mainland chinese pop
Pu Shu,"chinese indie, chinese singer-songwriter"
葉啟田,"classic mandopop, hokkien pop"
David Huang,classic mandopop
Huang Xiao Feng,No genres found
黃品源,"classic mandopop, mandopop"
Huang Yee Ling,"classic mandopop, hokkien pop"
鄭智化,"classic mandopop, taiwan singer-songwriter"
Wang Zhi Lei,classic mandopop
頑童Mj116,"mandopop, taiwan hip hop"
S.H.E.,No genres found
Candy Tang Guo 唐果,No genres found
侯俊辉,No genres found
黄龄,No genres found
Lisa Ono,"bossa nova, japanese vocal jazz"
Jack Ü,"edm, electro house, pop dance"
Dawin,nyc pop
Different Heaven,gaming edm
Alfons,melbourne bounce international
Lady A,"contemporary country, country, country dawn, country pop, country road"
Jake Miller,"indie pop rap, teen pop"
Carrie Underwood,"classic oklahoma country, contemporary country, country, country dawn, dance pop, pop"
Lonestar,"contemporary country, country, country road"
Cole Swindell,"contemporary country, country, country road, modern country rock"
劉惜君,mainland chinese pop
Hedley,"canadian pop, canadian rock, pop quebecois"
Heart,"album rock, classic rock, glam metal, hard rock, mellow gold, new wave pop, rock, singer-songwriter, soft rock"
Michael Kiwanuka,"british soul, neo soul, psychedelic soul, soul"
RaeLynn,"contemporary country, country, country road, deep talent show"
Timomatic,"australian pop, australian talent show"
Blake Shelton,"classic oklahoma country, contemporary country, country, country road"
Benny Tipene,nz pop
Guy Sebastian,australian pop
Ginny Blackmore,kiwi rock
Hassan El Shafei,"arab pop, egyptian alternative, egyptian pop"
DubVision,"big room, dutch house, edm, electro house, pop dance, progressive electro house, progressive house"
Smokepurpp,"melodic rap, miami hip hop, trap, underground hip hop"
Laurence Larson,No genres found
光澤,No genres found
Ryan.B,chinese hip hop
GAB,No genres found
Kova,trance brasileiro
Jake Cooper,No genres found
Kina,"sad lo-fi, slowed and reverb"
Pedro Capó,"latin pop, puerto rican pop"
Blue Ivy,No genres found
Liam Payne,pop
Sasha Alex Sloan,alt z
Daya,"alt z, pop"
Alex & Sierra,"pop, post-teen pop, viral pop"
AJ Mitchell,"alt z, singer-songwriter pop, teen pop"
Ben Rector,"acoustic pop, indiecoustica, lds youth, neo mellow, piano rock"
Timeflies,indie pop rap
Aerica Gabriella,No genres found
Owl City,"indietronica, pop"
Jace Alexander Casey,No genres found
Russell Dickerson,"contemporary country, country, country road, modern country rock"
Lil Dicky,"comedy rap, indie pop rap, pop rap"
Faith Hill,"contemporary country, country, country dawn, country road"
Cassadee Pope,"contemporary country, country road, modern country rock, pop emo"
Don Li,cantopop
Sigala,"dance pop, edm, pop dance, uk dance"
WENDY,"k-pop, korean pop"
Måns Zelmerlöw,"swedish idol pop, swedish pop"
Gesaffelstein,dark clubbing
Rich Lowe,No genres found
Guy Tang,No genres found
Diddy - Dirty Money,pop rap
Jayegovember,taiwan hip hop
Rachel Morgan Perry,No genres found
The Providers,jazz rap
John Travolta,hollywood
DMX,"detroit hip hop, east coast hip hop, gangster rap, hardcore hip hop, hip hop, rap"
Hanson,boy band
The Offspring,"alternative metal, permanent wave, post-grunge, punk, rock, skate punk, socal pop punk"
Tame Impala,"australian psych, modern rock, neo-psychedelic, rock"
Creedence Clearwater Revival,"album rock, classic rock, country rock, mellow gold, rock, southern rock, swamp rock"
Plain White T's,"modern rock, neo mellow, neon pop punk, pop punk, pop rock"
The Verve,"britpop, permanent wave, rock, shoegaze"
Disclosure,"edm, house, indietronica, uk dance"
Derek & The Dominos,"album rock, blues rock, british blues, classic rock, country rock, electric blues, folk rock, hard rock, mellow gold, psychedelic rock, rock, singer-songwriter"
Florida Georgia Line,"contemporary country, country, country pop, country road, modern country rock"
MAX,"singer-songwriter pop, teen pop, viral pop"
Diplo,"dance pop, edm, electro house, moombahton, pop dance"
NF,"hip hop, pop rap"
Panic! At The Disco,pop
Walk off the Earth,"canadian rock, pop rock"
ILLENIUM,"edm, melodic dubstep, pop dance"
Havelin,canadian folk
Delaney Jane,"alt z, canadian electropop"
Tyler Shaw,"pop quebecois, singer-songwriter pop"
Alec Benjamin,"alt z, pop, pov: indie"
Bea Miller,"alt z, pop, talent show"
Young Bombs,pop edm
Kelsea Ballerini,"contemporary country, country"
GRAE,modern indie pop
Loco,"k-pop, k-rap, korean r&b"
Sam Kim,"k-pop, korean r&b"
Lucas WRLD,No genres found
Kato,anime lo-fi
Ciara,"dance pop, hip pop, pop, r&b, urban contemporary"
Chantel Jeffries,"kentucky hip hop, la pop"
Starley,aussietronica
The Beach Boys,"baroque pop, classic rock, folk rock, mellow gold, psychedelic rock, rock, singer-songwriter, sunshine pop"
Stromae,"belgian pop, g-house"
Spice Girls,"dance pop, girl group, pop"
Olly Alexander (Years & Years),"dance pop, gauze pop, pop, pop dance, uk pop"
Norah Jones,"contemporary vocal jazz, jazz pop, neo mellow, vocal jazz"
Dualities,covertronica
greisun,No genres found
Justin Morelli,No genres found
STORME,No genres found
Stormzy,"grime, uk hip hop"
Hardwell,"big room, dutch house, edm, electro house, pop dance, progressive electro house, progressive house"
Kaskade,"edm, electro house, pop dance, progressive electro house, progressive house, vocal house"
程琳 Cheng Lin,No genres found
梁心頤Lara,mandopop
陈瑞,No genres found
云菲菲,fo jing
Liu Jiner,chinese audiophile
田震,"classic mandopop, vintage chinese pop"
鄒暢,No genres found
Kelly Pan,"mandopop, singaporean mandopop"
Vivian Lai,"c-pop, cantopop, classic cantopop"
陳潔麗,chinese audiophile
Lowell Lo,"c-pop, classic cantopop"
翁倩玉,"classic mandopop, taiwan campus folk, vintage chinese pop"
上山安娜,No genres found
Shane Cao,mainland chinese pop
Hanz 郭文翰,malaysian mandopop
Yue Chun Giu,hk-pop
過又嘉,mainland chinese pop
Yuan Wei Ren,taiwan singer-songwriter
葉柔,No genres found
KUN,chinese idol pop
黃星僑,No genres found
孫楠,No genres found
Jocie Guo,"mandopop, singaporean mandopop"
Kristian Kostov,No genres found
FeiFei Ou-Yang,"classic mandopop, kayokyoku"
張洪量,"classic mandopop, taiwan singer-songwriter"
無印良品,"classic mandopop, malaysian mandopop"
Ivana Wong,"cantopop, chinese audiophile"
Sarah Connor,german pop
The Hit Crew,No genres found
Green Day,"modern rock, permanent wave, punk, rock"
Hugh Grant,hollywood
M2M,"candy pop, girl group, norwegian pop"
Fuse ODG,"afrobeats, azonto"
尤雅,"classic mandopop, taiwan campus folk"
劉家昌,"c-pop, classic mandopop, taiwan campus folk"
Linda Wong,"classic cantopop, classic mandopop"
Ronald Cheng,"c-pop, cantopop"
Sarah Geronimo,opm
Daryl Ong,opm
Michael Learns To Rock,"boy band, danish pop rock"
Shane Filan,irish pop
Kerispatih,"indonesian pop, indonesian pop rock"
Amy Shark,australian pop
Jess Glynne,"dance pop, pop, uk pop"
Thelma Plum,"australian indie, australian indigenous music"
Charli xcx,"art pop, candy pop, metropopolis, pop, uk pop"
Ruel,"alt z, australian alternative pop, singer-songwriter pop"
CXLOE,"alt z, australian alternative pop, australian electropop, uk pop"
Andy Grammer,"neo mellow, post-teen pop"
G Flip,australian alternative pop
Kodaline,"irish pop, modern rock, neo mellow"
Birdy,"neo mellow, uk pop, viral pop"
JP Cooper,uk pop
Nipsey Hussle,"conscious hip hop, gangster rap, hip hop, pop rap, rap, southern hip hop, trap"
Kodak Black,"florida drill, florida rap, melodic rap, miami hip hop, rap, trap, trap latino"
Dice Soho,"houston rap, viral trap"
Sheck Wes,"pop rap, rap, trap"
Joey Trap,"san diego rap, viral rap"
Sada Baby,"detroit trap, scam rap"
Wicca Phase Springs Eternal,"cloud rap, emo rap"
Yung Gleesh,"dmv rap, plugg"
Braaten & Chrit Leaf,covertronica
Jennifer Hudson,"dance pop, r&b, urban contemporary"
郑莉莉,No genres found
